k,m,n,fout_hz,fvco_hz,vco_duty,logic_delay_ps,rise_fall_skew_ps,setup_min_ps,hold_min_ps,setup_violations,hold_violations,timing_valid,divider_raw_tie_fs,retimed_raw_tie_fs,retimer_added_raw_tie_fs,common_timing_gain,mean_output_duty_percent
9,14,126,216000000,3024000000,0.4,50,0,49.72294853319387,2210.020815705376,0,0,True,2993.6057773361536,161.08299238533394,57.82109536101116,1.00083990350838,49.99998807804311
9,14,126,216000000,3024000000,0.5,50,0,82.79173782230984,2176.952039926436,0,0,True,2993.6057773361536,161.0830309868291,57.82109536790242,1.0008401140933747,49.999988078042925
9,14,126,216000000,3024000000,0.6,50,0,115.86052710973175,2143.8832641508834,0,0,True,2993.6057773361536,161.08306959524123,57.821095369871365,1.0008403247536481,49.9999880780425
9,14,126,216000000,3024000000,0.5,50,4,82.79173782230984,2176.952039926436,0,0,True,2993.6057773361536,161.0830309167406,57.821095374315455,1.0008401135766423,50.08638807808185
9,14,126,216000000,3024000000,0.4,110,0,-10.277051465921257,2270.0208157061857,3742,0,False,2993.6057773494344,,,,
10,12,120,240000000,2880000000,0.4,50,0,56.911888516388544,1972.4676368766322,0,0,True,3019.3703111090836,162.01339244237536,58.00812574452793,1.0046376646623687,50.000003094055344
10,12,120,240000000,2880000000,0.5,50,0,91.63410287116254,1937.7454113749047,0,0,True,3019.3703111090836,162.01351368863544,58.00812575240224,1.0046375834298877,50.00000309405554
10,12,120,240000000,2880000000,0.6,50,0,126.35631722593654,1903.0231858697891,0,0,True,3019.3703111090836,162.0136349318963,58.00812575331193,1.0046375022187484,50.000003094055714
10,12,120,240000000,2880000000,0.5,50,4,91.63410287116254,1937.7454113749047,0,0,True,3019.3703111090836,162.0135136562783,58.00812575336777,1.0046375831962053,50.096003094592504
10,12,120,240000000,2880000000,0.4,110,0,-3.088111484420649,2032.4676368774415,26,0,False,3019.3703111025015,,,,
11,12,132,264000000,3168000000,0.4,50,0,44.2991027599121,1796.1377269459667,0,0,True,3001.006167843276,160.50051300379383,57.69720795502815,0.9973811901927279,50.00002535273601
11,12,132,264000000,3168000000,0.5,50,0,75.86475424179747,1764.5720657977413,0,0,True,3001.006167843276,160.50064831448066,57.69720796491633,0.9973812379584521,50.0000253527362
11,12,132,264000000,3168000000,0.6,50,0,107.43040572368284,1733.0064046495158,0,0,True,3001.006167843276,160.50078360737197,57.697207958512855,0.9973812856495642,50.000025352735435
11,12,132,264000000,3168000000,0.5,50,4,75.86475424179747,1764.5720657977413,0,0,True,3001.006167843276,160.50064824870162,57.69720796394321,0.9973812374927479,50.105625352065644
11,12,132,264000000,3168000000,0.4,110,0,-15.700897239203023,1856.1377269450818,14644,0,False,3001.006167839669,,,,
12,10,120,288000000,2880000000,0.4,50,0,57.631077969456186,1626.168024826565,0,0,True,3029.949461937158,161.80651706025048,58.0377912377936,0.9999943173255803,49.99999065968462
12,10,120,288000000,2880000000,0.5,50,0,92.353299183503,1591.4457986929508,0,0,True,3029.949461937158,161.80664527598324,58.03779123910683,0.9999943043883873,49.99999065968459
12,10,120,288000000,2880000000,0.6,50,0,127.0755203975498,1556.7235725627247,0,0,True,3029.949461937158,161.80677348201849,58.03779123895936,0.9999942914275421,49.999990659684535
12,10,120,288000000,2880000000,0.5,50,4,92.353299183503,1591.4457986929508,0,0,True,3029.949461937158,161.8066452319565,58.037791232387754,0.9999943040932147,50.115190660601584
12,10,120,288000000,2880000000,0.4,110,0,-2.3689220296589375,1686.16802482568,18,0,False,3029.949461920778,,,,
13,10,130,312000000,3120000000,0.4,50,0,47.33558639158619,1501.9754847567797,0,0,True,3003.9801942211598,160.7583387933661,57.94441622352988,1.000699963082337,50.000033759463214
13,10,130,312000000,3120000000,0.5,50,0,79.38687455421608,1469.924196292606,0,0,True,3003.9801942211598,160.75833516989616,57.94441621983244,1.0006999131123222,50.000033759463406
13,10,130,312000000,3120000000,0.6,50,0,111.43816271599893,1437.8729078292795,0,0,True,3003.9801942211598,160.7583315544799,57.94441621452924,1.000699863211141,50.00003375946284
13,10,130,312000000,3120000000,0.5,50,4,79.38687455421608,1469.924196292606,0,0,True,3003.9801942211598,160.7583351498097,57.94441621526102,1.0006999129803127,50.12483375905386
13,10,130,312000000,3120000000,0.4,110,0,-12.66441360837597,1561.9754847567417,11807,0,False,3003.980194211175,,,,
14,8,112,336000000,2688000000,0.4,50,0,66.99454781797378,1368.1485804407969,0,0,True,3014.418493421264,159.42005107975172,58.20012568492639,0.999020770270156,50.00002514188962
14,8,112,336000000,2688000000,0.5,50,0,104.19692502636917,1330.9461924251082,0,0,True,3014.418493421264,159.4201665047199,58.20012569172076,0.9990206741391832,50.00002514188986
14,8,112,336000000,2688000000,0.6,50,0,141.39930223476455,1293.7438044094192,0,0,True,3014.418493421264,159.4202819303274,58.200125680040756,0.9990205780048633,50.00002514188955
14,8,112,336000000,2688000000,0.5,50,4,104.19692502636917,1330.9461924251082,0,0,True,3014.418493421264,159.42016645653916,58.20012569644195,0.9990206737787171,50.13442514114929
14,8,112,336000000,2688000000,0.4,110,0,6.994547818011624,1428.148580439912,0,0,True,3014.41849341891,159.42005107975172,58.20012568492639,0.999020770270156,50.00002514188962
15,8,120,360000000,2880000000,0.4,50,0,57.358997415636225,1277.7514914294857,0,0,True,3018.978824793925,162.4544372852169,57.829337874284924,1.0020581296192417,50.00003814260777
15,8,120,360000000,2880000000,0.5,50,0,92.0812156261042,1243.029262431206,0,0,True,3018.978824793925,162.45457790691611,57.82933788662476,1.0020582818936878,50.00003814260779
15,8,120,360000000,2880000000,0.6,50,0,126.80343383996029,1208.3070334329263,0,0,True,3018.978824793925,162.45471852494933,57.82933788715669,1.0020584342297367,50.00003814260721
15,8,120,360000000,2880000000,0.5,50,4,92.0812156261042,1243.029262431206,0,0,True,3018.978824793925,162.45457785269906,57.829337884088325,1.0020582815163432,50.14403814480593
15,8,120,360000000,2880000000,0.4,110,0,-2.6410025851729655,1337.751491430295,30,0,False,3018.9788247948863,,,,
16,8,128,384000000,3072000000,0.4,50,0,47.20200618507569,1201.8570069547843,0,0,True,2999.7361409005684,158.22398330112372,57.82546524055075,0.9985216324205017,50.000049753483154
16,8,128,384000000,3072000000,0.5,50,0,79.75408465116439,1169.3049211245911,0,0,True,2999.7361409005684,158.2241120197236,57.825465240425146,0.9985215987012408,50.0000497534835
16,8,128,384000000,3072000000,0.6,50,0,112.30616311810012,1136.7528352948216,0,0,True,2999.7361409005684,158.22424074206577,57.82546524523697,0.9985215649307807,50.000049753483246
16,8,128,384000000,3072000000,0.5,50,4,79.75408465116439,1169.3049211245911,0,0,True,2999.7361409005684,158.2241119983059,57.82546523782297,0.9985215985523895,50.15364975435078
16,8,128,384000000,3072000000,0.4,110,0,-12.797993814886471,1261.8570069549583,7791,0,False,2999.7361409020864,,,,
17,8,136,408000000,3264000000,0.4,50,0,40.14996523927998,1130.2809274353053,0,0,True,3030.0305725971793,162.03089561284406,58.221865502304254,1.0052223638408913,50.00001108935024
17,8,136,408000000,3264000000,0.5,50,0,70.78722639082913,1099.6436792020675,0,0,True,3030.0305725971793,162.0309101146438,58.22186550131078,1.0052221932280188,50.000011089350515
17,8,136,408000000,3264000000,0.6,50,0,101.42448754227242,1069.0064309688296,0,0,True,3030.0305725971793,162.03092460256505,58.22186549660408,1.0052220225551103,50.00001108935075
17,8,136,408000000,3264000000,0.5,50,4,70.78722639082913,1099.6436792020675,0,0,True,3030.0305725971793,162.03091010134384,58.22186550191264,1.0052221931312342,50.16321108836039
17,8,136,408000000,3264000000,0.4,110,0,-19.850034760735117,1190.2809274344204,16275,0,False,3030.030572594323,,,,
18,8,144,432000000,3456000000,0.4,50,0,34.55985668851194,1067.885099694942,0,0,True,3007.424596508771,159.75392943365236,57.747427908558855,0.9987482593694534,50.000016458336475
18,8,144,432000000,3456000000,0.5,50,0,63.49503594316528,1038.9499097608973,0,0,True,3007.424596508771,159.75412692228292,57.74742792186648,0.9987483052579504,50.000016458336916
18,8,144,432000000,3456000000,0.6,50,0,92.43021519781861,1010.0147198234644,0,0,True,3007.424596508771,159.75432440657477,57.74742791435393,0.9987483511566122,50.00001645833648
18,8,144,432000000,3456000000,0.5,50,4,63.49503594316528,1038.9499097608973,0,0,True,3007.424596508771,159.75412687752583,57.74742792460944,0.9987483049293631,50.17281645523549
18,8,144,432000000,3456000000,0.4,110,0,-25.440143310603187,1127.8850996957513,16384,0,False,3007.4245965007008,,,,
19,6,114,456000000,2736000000,0.4,50,0,64.48685287922693,979.4434269727936,0,0,True,3007.9661636830833,159.5521190187707,57.798108963870405,0.9996602948552533,50.000032298270234
19,6,114,456000000,2736000000,0.5,50,0,101.03656638115643,942.8937254224991,0,0,True,3007.9661636830833,159.55215104451517,57.79810896067471,0.9996603011216081,50.00003229827007
19,6,114,456000000,2736000000,0.6,50,0,137.58627988308592,906.3440238705103,0,0,True,3007.9661636830833,159.55218308055794,57.79810896063837,0.9996603074042085,50.00003229827013
19,6,114,456000000,2736000000,0.5,50,4,101.03656638115643,942.8937254224991,0,0,True,3007.9661636830833,159.55215096669474,57.798108956387,0.9996603005717717,50.18243229862005
19,6,114,456000000,2736000000,0.4,110,0,4.4868528801118,1039.4434269719088,0,0,True,3007.966163671646,159.5521190187707,57.798108963870405,0.9996602948552533,50.000032298270234
20,6,120,480000000,2880000000,0.4,50,0,58.058064921721424,929.5179146638185,0,0,True,2973.9719652333706,162.54978117957504,58.2650059160113,0.9988954209366147,50.00003956788049
20,6,120,480000000,2880000000,0.5,50,0,92.780291605907,894.7956863042018,0,0,True,2973.9719652333706,162.5498673663715,58.26500591471182,0.998895335708263,50.00003956788079
20,6,120,480000000,2880000000,0.6,50,0,127.5025182883985,860.0734579479731,0,0,True,2973.9719652333706,162.54995353146074,58.26500591151797,0.9988952504041829,50.00003956788106
20,6,120,480000000,2880000000,0.5,50,4,92.780291605907,894.7956863042018,0,0,True,2973.9719652333706,162.54986729283473,58.26500591424677,0.9988953351914952,50.19203956986369
20,6,120,480000000,2880000000,0.4,110,0,-1.941935077393704,989.5179146629337,19,0,False,2973.97196522456,,,,
21,6,126,504000000,3024000000,0.4,50,0,50.54171427999174,888.9011077574125,0,0,True,2991.4658611155546,160.27498707326393,57.661186739162005,0.9974021611128926,50.000004497068
21,6,126,504000000,3024000000,0.5,50,0,83.61049404845738,855.8323210974868,0,0,True,2991.4658611155546,160.27531433913552,57.6611867441267,0.9974022690458655,50.00000449706874
21,6,126,504000000,3024000000,0.6,50,0,116.67927381692303,822.7635344375611,0,0,True,2991.4658611155546,160.2756415999334,57.66118673409295,0.9974023769978649,50.00000449706852
21,6,126,504000000,3024000000,0.5,50,4,83.61049404845738,855.8323210974868,0,0,True,2991.4658611155546,160.27531429552488,57.66118674517049,0.9974022687322603,50.20160449853675
21,6,126,504000000,3024000000,0.4,110,0,-9.458285719123387,948.9011077565276,3717,0,False,2991.4658611103564,,,,
22,6,132,528000000,3168000000,0.4,50,0,45.557499602587654,847.1520884343305,0,0,True,3002.4921059009175,156.76181204275204,58.13429638664054,0.9955893099791191,50.00000255883105
22,6,132,528000000,3168000000,0.5,50,0,77.12314913629724,815.5864333440848,0,0,True,3002.4921059009175,156.7620247598324,58.13429638556776,0.9955893212182573,50.00000255883181
22,6,132,528000000,3168000000,0.6,50,0,108.68879867000683,784.020778253839,0,0,True,3002.4921059009175,156.76223748002465,58.13429638960281,0.9955893323791641,50.00000255883169
22,6,132,528000000,3168000000,0.5,50,4,77.12314913629724,815.5864333440848,0,0,True,3002.4921059009175,156.76202475434013,58.134296389577905,0.9955893211670905,50.21120256092206
22,6,132,528000000,3168000000,0.4,110,0,-14.442500396527473,907.1520884342926,14648,0,False,3002.492105902808,,,,
23,6,138,552000000,3312000000,0.4,50,0,37.858822513488136,812.9776604373886,0,0,True,2995.9612700957823,157.02843636335558,57.572908114707246,0.9942959703682346,50.000010856984154
23,6,138,552000000,3312000000,0.5,50,0,68.05205792908345,782.7844223784152,0,0,True,2995.9612700957823,157.02843537673442,57.572908116788014,0.9942958452038584,50.000010856983636
23,6,138,552000000,3312000000,0.6,50,0,98.24529334467874,752.5911843196536,0,0,True,2995.9612700957823,157.02843439956382,57.5729081201584,0.9942957200520601,50.00001085698409
23,6,138,552000000,3312000000,0.5,50,4,68.05205792908345,782.7844223784152,0,0,True,2995.9612700957823,157.02843537714134,57.57290811666886,0.9942958452071352,50.22081085651692
23,6,138,552000000,3312000000,0.4,110,0,-22.14117748647402,872.9776604375626,16369,0,False,2995.961270094592,,,,
24,6,144,576000000,3456000000,0.4,50,0,33.1757854293859,781.6533214855947,0,0,True,3009.520040294135,160.35582131258798,58.39499776542463,0.9966495713953293,49.99993826137096
24,6,144,576000000,3456000000,0.5,50,0,62.11097415640869,752.718132040288,0,0,True,3009.520040294135,160.35585435407427,58.39499776278095,0.9966495592112918,49.99993826137104
24,6,144,576000000,3456000000,0.6,50,0,91.04616288258444,723.7829425949813,0,0,True,3009.520040294135,160.35588739892526,58.39499776369697,0.9966495470690472,49.99993826137115
24,6,144,576000000,3456000000,0.5,50,4,62.11097415640869,752.718132040288,0,0,True,3009.520040294135,160.35585435539784,58.39499776325762,0.9966495592195043,50.23033825695444
24,6,144,576000000,3456000000,0.4,110,0,-26.82421457057626,841.6533214855568,16384,0,False,3009.520040290689,,,,
25,6,150,600000000,3600000000,0.4,50,0,29.15341070584322,750.80905004915,0,0,True,2990.7901093727514,161.40782632027145,58.335649554404355,0.9996235399322574,50.00003149049249
25,6,150,600000000,3600000000,0.5,50,0,56.93118789866448,723.0312775573616,0,0,True,2990.7901093727514,161.40801204082422,58.33564955456853,0.9996235777598613,50.00003149049219
25,6,150,600000000,3600000000,0.6,50,0,84.70896509148575,695.2535050638791,0,0,True,2990.7901093727514,161.40819776549966,58.33564955235776,0.9996236156607051,50.000031490492425
25,6,150,600000000,3600000000,0.5,50,4,56.93118789866448,723.0312775573616,0,0,True,2990.7901093727514,161.408012048028,58.33564955063204,0.9996235778212903,50.24003148666167
25,6,150,600000000,3600000000,0.4,110,0,-30.846589294118935,810.8090500482651,16384,0,False,2990.790109373454,,,,
26,6,156,624000000,3744000000,0.4,50,0,24.00905024501818,723.3743590678451,0,0,True,3001.390824587402,159.29932918742225,57.827404304585855,0.9976208522193462,49.99995653310841
26,6,156,624000000,3744000000,0.5,50,0,50.71845139157077,696.6649533024218,0,0,True,3001.390824587402,159.29956181920898,57.82740430283648,0.9976207534921371,49.999956533109255
26,6,156,624000000,3744000000,0.6,50,0,77.42785253769983,669.9555475371045,0,0,True,3001.390824587402,159.29979445871055,57.827404301675685,0.9976206548103754,49.999956533109014
26,6,156,624000000,3744000000,0.5,50,4,50.71845139157077,696.6649533024218,0,0,True,3001.390824587402,159.2995618401371,57.82740430534817,0.9976207536361723,50.249556530987135
26,6,156,624000000,3744000000,0.4,110,0,-35.99094975515573,783.3743590678073,16384,0,False,3001.390824595743,,,,
27,6,162,648000000,3888000000,0.4,50,0,19.918065314881982,698.060913125937,0,0,True,2986.48931277654,158.3417744691873,57.52112238972502,1.002312342539617,49.99993395999723
27,6,162,648000000,3888000000,0.5,50,0,45.63822534240113,672.3407481280284,0,0,True,2986.48931277654,158.34195550659146,57.52112238478689,1.0023123912191858,49.99993395999769
27,6,162,648000000,3888000000,0.6,50,0,71.3583853733084,646.6205831301199,0,0,True,2986.48931277654,158.34213655180778,57.521122387013065,1.0023124398865737,49.99993395999719
27,6,162,648000000,3888000000,0.5,50,4,45.63822534240113,672.3407481280284,0,0,True,2986.48931277654,158.34195553905943,57.52112238699801,1.0023123914506304,50.259133955268176
27,6,162,648000000,3888000000,0.4,110,0,-40.08193468423314,758.060913125052,16384,0,False,2986.4893127794985,,,,
28,4,112,672000000,2688000000,0.4,50,0,67.20632793534246,622.5771860943601,0,0,True,2982.891780362002,158.97732952569206,57.872908267178836,1.002505071145787,49.999993836553124
28,4,112,672000000,2688000000,0.5,50,0,104.40870327984184,585.3748133625338,0,0,True,2982.891780362002,158.97739458579878,57.87290826882478,1.0025049571025455,49.99999383655339
28,4,112,672000000,2688000000,0.6,50,0,141.61107862434122,548.1724406324016,0,0,True,2982.891780362002,158.97745965844547,57.87290826119223,1.0025048430800614,49.9999938365538
28,4,112,672000000,2688000000,0.5,50,4,104.40870327984184,585.3748133625338,0,0,True,2982.891780362002,158.97739462500994,57.87290826596866,1.0025049573958718,50.2687938332405
28,4,112,672000000,2688000000,0.4,110,0,7.206327935380292,682.5771860934752,0,0,True,2982.8917803705845,158.97732952569206,57.872908267178836,1.002505071145787,49.999993836553124
29,4,116,696000000,2784000000,0.4,50,0,61.652942121867056,602.7162283774558,0,0,True,2996.309178255325,160.57173267125418,57.6833180054534,0.9992497891928335,49.999967926314646
29,4,116,696000000,2784000000,0.5,50,0,97.57247523208083,566.7966884172865,0,0,True,2996.309178255325,160.57174988531938,57.68331800170493,0.9992499120131942,49.99996792631483
29,4,116,696000000,2784000000,0.6,50,0,133.49200834060053,530.8771484571173,0,0,True,2996.309178255325,160.5717671049281,57.68331800926572,0.999250034842789,49.99996792631462
29,4,116,696000000,2784000000,0.5,50,4,97.57247523208083,566.7966884172865,0,0,True,2996.309178255325,160.57174993018702,57.683318004170054,0.9992499123272177,50.27836792361027
29,4,116,696000000,2784000000,0.4,110,0,1.6529421227519268,662.7162283776297,0,0,True,2996.3091782579904,160.57173267125418,57.6833180054534,0.9992497891928335,49.999967926314646
30,4,120,720000000,2880000000,0.4,50,0,57.17878591127987,583.4356539836041,0,0,True,3034.508386526371,162.3371455412016,57.82900140883175,0.9963434388633474,50.00004649319596
30,4,120,720000000,2880000000,0.5,50,0,91.90100041513166,548.7134286190958,0,0,True,3034.508386526371,162.33723212740924,57.82900141213878,0.9963435541036659,50.00004649319557
30,4,120,720000000,2880000000,0.6,50,0,126.62321491728939,513.9912032537405,0,0,True,3034.508386526371,162.33731868759847,57.829001404210054,0.996343669272874,50.00004649319598
30,4,120,720000000,2880000000,0.5,50,4,91.90100041513166,548.7134286190958,0,0,True,3034.508386526371,162.33723216937366,57.8290014105008,0.9963435544016606,50.28804649698038
30,4,120,720000000,2880000000,0.4,110,0,-2.8212140878352616,643.4356539835662,20,0,False,3034.5083865391416,,,,
31,4,124,744000000,2976000000,0.4,50,0,53.82532474484012,565.8873805218539,0,0,True,2998.1926511118363,163.71515875233675,58.17558877602591,0.999863655870788,49.99985019238567
31,4,124,744000000,2976000000,0.5,50,0,87.42747735468453,532.2852374277894,0,0,True,2998.1926511118363,163.7153559389987,58.17558878118845,0.9998633993809968,49.9998501923859
31,4,124,744000000,2976000000,0.6,50,0,121.02962996452892,498.6830943333013,0,0,True,2998.1926511118363,163.71555311465113,58.175588777042414,0.999863142953381,49.999850192385345
31,4,124,744000000,2976000000,0.5,50,4,87.42747735468453,532.2852374277894,0,0,True,2998.1926511118363,163.7153559754722,58.17558878074826,0.9998633996370025,50.297450198153626
31,4,124,744000000,2976000000,0.4,110,0,-6.174675255333798,625.887380521816,1180,0,False,2998.192651121174,,,,
32,4,128,768000000,3072000000,0.4,50,0,49.62609807788527,548.9026254023698,0,0,True,3002.343655606366,162.9721394995741,58.2354244895518,1.0020348154197014,50.00002965728609
32,4,128,768000000,3072000000,0.5,50,0,82.17817603914233,516.3505468553896,0,0,True,3002.343655606366,162.97254280952092,58.23542448855608,1.002034828153107,50.000029657286014
32,4,128,768000000,3072000000,0.6,50,0,114.7302540003994,483.7984683079857,0,0,True,3002.343655606366,162.97294610393067,58.235424484541205,1.0020348408741167,50.00002965728518
32,4,128,768000000,3072000000,0.5,50,4,82.17817603914233,516.3505468553896,0,0,True,3002.343655606366,162.97254283766642,58.235424490113,1.0020348283479636,50.30722966527313
32,4,128,768000000,3072000000,0.4,110,0,-10.373901922076891,608.902625402332,7750,0,False,3002.3436556154934,,,,
33,4,132,792000000,3168000000,0.4,50,0,43.27419855869075,534.4437658115936,0,0,True,3004.2774771999298,160.0220604957121,58.0956157391852,0.9990281090187626,50.00011915777054
33,4,132,792000000,3168000000,0.5,50,0,74.83984810891748,502.8781021265046,0,0,True,3004.2774771999298,160.02252652008374,58.09561573629239,0.9990278619088038,50.00011915776965
33,4,132,792000000,3168000000,0.6,50,0,106.40549765872069,471.31243844141557,0,0,True,3004.2774771999298,160.02299254180147,58.0956157401854,0.9990276147880908,50.00011915777024
33,4,132,792000000,3168000000,0.5,50,4,74.83984810891748,502.8781021265046,0,0,True,3004.2774771999298,160.02252653611467,58.09561573539295,0.9990278620263122,50.31691916683974
33,4,132,792000000,3168000000,0.4,110,0,-16.725801441271408,594.4437658115557,14646,0,False,3004.2774772085704,,,,
34,4,136,816000000,3264000000,0.4,50,0,41.40968851696915,517.8843375131613,0,0,True,3013.3018117785573,156.953262996009,57.66630053249994,0.9996123977178818,49.99997172998246
34,4,136,816000000,3264000000,0.5,50,0,72.04693884746064,487.2470756943619,0,0,True,3013.3018117785573,156.9537647987135,57.66630053281143,0.999612373257133,49.999971729982526
34,4,136,816000000,3264000000,0.6,50,0,102.68418917625807,456.6098138755625,0,0,True,3013.3018117785573,156.95426660957258,57.6663005335298,0.9996123487994508,49.99997172998303
34,4,136,816000000,3264000000,0.5,50,4,72.04693884746064,487.2470756943619,0,0,True,3013.3018117785573,156.95376480189142,57.66630053148719,0.9996123732841026,50.32637173729224
34,4,136,816000000,3264000000,0.4,110,0,-18.59031148214598,577.8843375131235,16289,0,False,3013.3018117847287,,,,
35,4,140,840000000,3360000000,0.4,50,0,36.97844751822228,501.6648648115306,0,0,True,2998.7619799339664,154.34703854207976,58.08211924099024,0.9983317763122148,50.00000260158621
35,4,140,840000000,3360000000,0.5,50,0,66.74034804284948,471.9029663282528,0,0,True,2998.7619799339664,154.3474499722175,58.082119243520964,0.9983317049036305,50.00000260158676
35,4,140,840000000,3360000000,0.6,50,0,96.50224856705317,442.14106784497494,0,0,True,2998.7619799339664,154.3478614178449,58.08211923998841,0.9983316335062854,50.00000260158608
35,4,140,840000000,3360000000,0.5,50,4,66.74034804284948,471.9029663282528,0,0,True,2998.7619799339664,154.34744996308257,58.08211924371057,0.998331704834376,50.33600261267347
35,4,140,840000000,3360000000,0.4,110,0,-23.021552481739878,561.6648648106457,16382,0,False,2998.7619799345025,,,,
36,4,144,864000000,3456000000,0.4,50,0,33.85065243188575,491.83192525115516,0,0,True,3005.745109707722,153.36802849619787,57.93108778405496,1.0031363454953404,50.00004244243159
36,4,144,864000000,3456000000,0.5,50,0,62.78583673993765,462.8967383723582,0,0,True,3005.745109707722,153.36829772817907,57.931087779175975,1.0031361905713054,50.000042442432466
36,4,144,864000000,3456000000,0.6,50,0,91.72102104798955,433.9615514935613,0,0,True,3005.745109707722,153.3685669952397,57.93108777879909,1.0031360357459285,50.00004244243173
36,4,144,864000000,3456000000,0.5,50,4,62.78583673993765,462.8967383723582,0,0,True,3005.745109707722,153.36829770723128,57.93108777940813,1.0031361904103189,50.34564245016742
36,4,144,864000000,3456000000,0.4,110,0,-26.149347568288167,551.8319252511172,16384,0,False,3005.745109708261,,,,
37,4,148,888000000,3552000000,0.4,50,0,32.08888779900949,478.31951856110425,0,0,True,3012.2787310335966,151.81896335251074,57.38839810211072,0.9952180214221795,49.999942232464846
37,4,148,888000000,3552000000,0.5,50,0,60.242040833250584,450.1663639640873,0,0,True,3012.2787310335966,151.81910221200616,57.38839810122026,0.995217939354468,49.999942232464825
37,4,148,888000000,3552000000,0.6,50,0,88.39519386664465,422.01320936791745,0,0,True,3012.2787310335966,151.8192410956224,57.388398104556764,0.9952178573096705,49.99994223246461
37,4,148,888000000,3552000000,0.5,50,4,60.242040833250584,450.1663639640873,0,0,True,3012.2787310335966,151.8191021803403,57.3883980995448,0.9952179391182686,50.355142242570516
37,4,148,888000000,3552000000,0.4,110,0,-27.91111220095267,538.3195185610664,16384,0,False,3012.278731034364,,,,
38,4,152,912000000,3648000000,0.4,50,0,28.135371195898497,466.9805659587934,0,0,True,3010.1309463329994,153.56021849432926,58.54761961344186,0.9992773938525874,50.00004757380291
38,4,152,912000000,3648000000,0.5,50,0,55.54764744247572,439.5682914532924,0,0,True,3010.1309463329994,153.56026686532573,58.54761961024155,0.9992774280044008,50.00004757380276
38,4,152,912000000,3648000000,0.6,50,0,82.95992368905294,412.15601694948543,0,0,True,3010.1309463329994,153.56031525323482,58.54761960989979,0.9992774621623783,50.000047573802654
38,4,152,912000000,3648000000,0.5,50,4,55.54764744247572,439.5682914532924,0,0,True,3010.1309463329994,153.5602668290943,58.54761961423291,0.9992774277171461,50.36484758302474
38,4,152,912000000,3648000000,0.4,110,0,-31.864628804063656,526.9805659579085,16384,0,False,3010.1309463303596,,,,
39,4,156,936000000,3744000000,0.4,50,0,25.25456616216187,455.75656285838363,0,0,True,2999.6601849447575,154.5948457756235,57.944444400585134,0.9978864202993858,50.00007024442179
39,4,156,936000000,3744000000,0.5,50,0,51.96396612096251,429.0471579538635,0,0,True,2999.6601849447575,154.59480915218404,57.94444440201531,0.9978862348514572,50.00007024442233
39,4,156,936000000,3744000000,0.6,50,0,78.67336607976314,402.3377530495551,0,0,True,2999.6601849447575,154.59477253653267,57.94444439999703,0.9978860494053786,50.00007024442197
39,4,156,936000000,3744000000,0.5,50,4,51.96396612096251,429.0471579538635,0,0,True,2999.6601849447575,154.5948091091297,57.94444439845333,0.9978862345388136,50.374470247564
39,4,156,936000000,3744000000,0.4,110,0,-34.74543383801204,515.7565628583459,16384,0,False,2999.660184947891,,,,
40,4,160,960000000,3840000000,0.4,50,0,22.548236132215994,445.8000893441916,0,0,True,2984.3370308228264,156.2999123014426,57.70146407044553,0.9987627010897471,49.99998174892193
40,4,160,960000000,3840000000,0.5,50,0,48.58990471471653,419.75842529352906,0,0,True,2984.3370308228264,156.29989746629798,57.70146407451726,0.9987627134203043,49.99998174892179
40,4,160,960000000,3840000000,0.6,50,0,74.63157329721707,393.71676124329,0,0,True,2984.3370308228264,156.29988262779486,57.7014640724121,0.9987627257217487,49.9999817489223
40,4,160,960000000,3840000000,0.5,50,4,48.58990471471653,419.75842529352906,0,0,True,2984.3370308228264,156.2998974238356,57.70146407493181,0.9987627131054114,50.3839817474514
40,4,160,960000000,3840000000,0.4,110,0,-37.45176386774616,505.8000893443655,16384,0,False,2984.3370308190674,,,,
41,4,164,984000000,3936000000,0.4,50,0,19.706714133727253,434.5793049192182,0,0,True,2991.9930441092,158.37647588600228,58.02069858090705,1.0019079324915512,50.000135059047466
41,4,164,984000000,3936000000,0.5,50,0,45.1132136413835,409.17279871195484,0,0,True,2991.9930441092,158.37649531239302,58.020698580339136,1.0019079310531929,50.000135059047835
41,4,164,984000000,3936000000,0.6,50,0,70.51971314903975,383.7662925063856,0,0,True,2991.9930441092,158.37651474151107,58.02069858365409,1.001907929637634,50.00013505904659
41,4,164,984000000,3936000000,0.5,50,4,45.1132136413835,409.17279871195484,0,0,True,2991.9930441092,158.3764952717814,58.02069858062656,1.0019079307551182,50.39373505641013
41,4,164,984000000,3936000000,0.4,110,0,-40.293285866234896,494.5793049191804,16384,0,False,2991.9930441077586,,,,
