case,run,simulator_ok,boundary,function_pass,RF_hz,output_hz,fixture_power_mw,noise_valid,jitter_fs
screen_one32_ff,corner_one,True,ideal_voltage_RF_replay,True,3936000000.0,984000007.6641852,1.5261691287424215,,
screen_one32_ss,corner_one,True,ideal_voltage_RF_replay,False,3936000000.0,302783323.4172634,0.5997126941566636,,
screen_equal8r50c200,equal_a,True,ideal_voltage_RF_replay,False,3936000000.0,0.0,2.429911428844356,,
screen_equal8r20c1000,equal_b,True,ideal_voltage_RF_replay,True,3936000000.0,983998055.1423585,3.306969815379289,,
screen_equal8r50c1000,equal_c,True,ideal_voltage_RF_replay,True,3936000000.0,983880854.8842342,3.3435358028961755,,
screen_equal4r20c1000s2,equal_d,True,ideal_voltage_RF_replay,True,3936000000.0,984032658.9988666,1.8466070027076302,,
lc_one32_c21_v0p2_tt_i100_fine,final21fine,True,actual_LC_fixed_control,True,3928868410.7898993,982242667.0847951,3.208624812009524,,
lc_one32_c21_v1p0_tt_i100,final21hi,True,actual_LC_fixed_control,True,3958835255.1615973,989711516.14258,3.2125092377190985,,
lc_one32_c21_v0p2_tt_i100,final21lo,True,actual_LC_fixed_control,True,3928770966.6209145,982209304.7295272,3.2091518597350057,,
noise_one32_onlyXRX_coarse,gate_one_a,True,ideal_voltage_RF_replay,True,3936000000.0,984000000.0000155,1.1167981365797224,True,62.26049180548479
noise_one32_onlyXD_coarse,gate_one_b,True,ideal_voltage_RF_replay,True,3936000000.0,984000000.0000155,1.1167981365797224,True,46.99399612959073
noise_one32_onlyXR_coarse,gate_one_b,True,ideal_voltage_RF_replay,True,3936000000.0,984000000.0000155,1.1167981365797224,True,163.51576990063487
screen_isolate8,isolate_a,True,ideal_voltage_RF_replay,False,3936000000.0,0.0,0.8475962812806912,,
screen_isolate16,isolate_b,True,ideal_voltage_RF_replay,False,3936000000.0,0.0,1.1785797653173156,,
screen_isolate32,isolate_c,True,ideal_voltage_RF_replay,False,3936000000.0,0.0,2.1666486564959677,,
screen_isolate16rb5,isolate_d,True,ideal_voltage_RF_replay,False,3936000000.0,0.0,0.99320325424835,,
lc_one32_c17_v0p6_tt_i100,lc_drive100,True,actual_LC_fixed_control,True,3965908985.546633,991473803.6192276,3.206080220869095,,
lc_one32_c17_v0p6_tt_i120,lc_drive120,True,actual_LC_fixed_control,True,3984049611.807083,996017800.0853107,3.68572027558863,,
lc_one32_c17_v0p6_tt,lc_drive80,True,actual_LC_fixed_control,False,3937938196.823359,655362806.5927259,2.632258247466349,,
lc_equal4r20c1000s2_c33_v0p2_tt_fine,lc_fine,True,actual_LC_fixed_control,True,3939259945.522951,984810723.2488927,3.713142628871115,,
lc_equal4r20c1000s2_c6_v0p6_tt,lc_first,True,actual_LC_fixed_control,False,4214618984.5039954,122040626.61351675,3.433115091112456,,
lc_one32_c12_v0p6_tt,lc_one,True,actual_LC_fixed_control,False,3983132565.7932568,575734710.8850936,2.5935533140848945,,
lc_equal4r20c1000s2_c32_v0p6_tt,lc_second,True,actual_LC_fixed_control,True,3949010147.450061,987242453.2860991,3.7101424464566497,,
lc_tspc3ac_s2_c34_v0p6_tt,lc_short,True,actual_LC_fixed_control,True,3933987792.118813,983469597.1896135,2.9776144046602138,,
lc_equal4r20c1000s2_c33_v1p0_tt,lc_tune_hi,True,actual_LC_fixed_control,True,3969979758.597944,992499158.2256211,3.7196092079919714,,
lc_equal4r20c1000s2_c33_v0p2_tt,lc_tune_lo,True,actual_LC_fixed_control,True,3939128780.5567613,984777906.9756259,3.7130740005520884,,
noise_one32_coarse,noise_one,True,ideal_voltage_RF_replay,True,3936000000.0,984000000.0000155,1.1167981365797224,True,181.16901368138588
noise_one32_fine,noise_onefine,True,ideal_voltage_RF_replay,True,3936000000.0,984000000.0000155,1.1168011190145097,True,181.18630042856816
noise_tspc3ac_s2_coarse,noise_short,True,ideal_voltage_RF_replay,True,3936000000.0,984000000.0000155,1.1303494647095202,True,2912.5353584988957
noise_equal4r20c1000s2_coarse,noise_small,True,ideal_voltage_RF_replay,True,3936000000.0,984000000.0000155,1.8460834620165347,True,6046.6749846702005
noise_equal4r20c1000s2_fine,noise_smallfine,True,ideal_voltage_RF_replay,True,3936000000.0,984000000.0000155,1.8461234289218593,True,6040.064001756381
noise_two8_coarse,noise_two,True,ideal_voltage_RF_replay,True,3936000000.0,984000000.0000155,1.2981679590781636,True,1595.3710208585221
noise_equal8r20c1000_coarse,noise_wide,True,ideal_voltage_RF_replay,True,3936000000.0,984000000.0000155,3.307039969325916,True,4270.75658717416
screen_ratio1p5,ratio_a,True,ideal_voltage_RF_replay,False,3936000000.0,0.0,0.29507679990731317,,
screen_ratio2p0,ratio_b,True,ideal_voltage_RF_replay,False,3936000000.0,0.0,0.40594074439962036,,
screen_ratio3p5,ratio_c,True,ideal_voltage_RF_replay,False,3936000000.0,0.0,0.34221626678123757,,
screen_ratio5p0,ratio_d,True,ideal_voltage_RF_replay,False,3936000000.0,0.0,0.2825970677264558,,
screen_ratio2p6,ratio_e,True,ideal_voltage_RF_replay,False,3936000000.0,0.0,1.4751562352336764,,
screen_ratio2p7,ratio_f,True,ideal_voltage_RF_replay,False,3936000000.0,0.0,0.6684149330495683,,
screen_rebias3,rebias_a,True,ideal_voltage_RF_replay,False,3936000000.0,0.0,0.9815593060981646,,
screen_rebias4,rebias_b,True,ideal_voltage_RF_replay,False,3936000000.0,0.0,1.2992229900936658,,
noise_one32_rt3_coarse,rt_scale,True,ideal_voltage_RF_replay,False,3936000000.0,0.0,0.9107611278976079,False,
noise_one32_rt4_coarse,rt_scale,False,ideal_voltage_RF_replay,False,,,,False,
screen_dc3_r1,screen_a,True,ideal_voltage_RF_replay,False,3936000000.0,0.0,0.21195007728364423,,
screen_dc3_r5,screen_a,True,ideal_voltage_RF_replay,False,3936000000.0,0.0,0.4477308731082053,,
screen_dc3_r20,screen_b,True,ideal_voltage_RF_replay,False,3936000000.0,0.0,0.44258127315392615,,
screen_dc3_w8,screen_b,True,ideal_voltage_RF_replay,False,3936000000.0,0.0,0.7650619696371479,,
screen_dc3_taper,screen_c,True,ideal_voltage_RF_replay,False,3936000000.0,0.0,0.6094108394827639,,
screen_dc4_r1,screen_c,True,ideal_voltage_RF_replay,False,3936000000.0,0.0,0.20862173481666502,,
screen_dc4_r20,screen_d,True,ideal_voltage_RF_replay,False,3936000000.0,0.0,0.4196931801993796,,
screen_dc4_r5,screen_d,True,ideal_voltage_RF_replay,False,3936000000.0,0.0,0.3959075926253004,,
screen_tspc2ac_s2,short_a,True,ideal_voltage_RF_replay,False,3936000000.0,0.0,0.5750754465810108,,
screen_tspc3ac_s2,short_b,True,ideal_voltage_RF_replay,True,3936000000.0,984017540.2410942,1.1322924869469764,,
screen_one16,shorter,True,ideal_voltage_RF_replay,False,3936000000.0,0.0,0.5952053726483183,,
screen_one32,shorter,True,ideal_voltage_RF_replay,True,3936000000.0,984000000.3715796,1.114911072278982,,
screen_two16,shorter,True,ideal_voltage_RF_replay,True,3936000000.0,984000023.0856485,2.0898692660042912,,
screen_two8,shorter,True,ideal_voltage_RF_replay,True,3936000000.0,983999478.2859298,1.2970471218913733,,
lc_one32_c20_v1p0_tt_i100,tune100hi,True,actual_LC_fixed_control,True,3969795176.2826085,992398095.0693877,3.2108410171947694,,
lc_one32_c20_v0p2_tt_i100,tune100lo,True,actual_LC_fixed_control,True,3939435165.271187,984828160.7361034,3.216815435782504,,
