corner,K,M,target_vco_MHz,code,frequency_at_0p2V_MHz,frequency_at_1V_MHz,nearest_endpoint_margin_MHz,vco_power_max_mW,measured_branch_power_max_mW
tt,9,14,3024.0,151,3014.661843607361,3028.8491793366134,4.849179336613179,1.969244625638553,3.350762745062183
tt,10,12,2880.0,186,2873.3690576032345,2885.706885813849,5.706885813849449,2.0807661717113013,3.303184835651267
tt,11,12,3168.0,119,3165.281282339986,3181.5467812459365,2.7187176600141525,1.870994131427929,3.095603748295653
tt,12,10,2880.0,187,2873.453732508665,2885.7840668960835,5.784066896083355,2.0811074061725128,3.1456162440752573
tt,13,10,3120.0,129,3111.0688394249414,3126.6354316377283,6.635431637728691,1.9262479336393228,2.991475430311605
tt,14,8,2688.0,243,2680.8753540728485,2691.0611228076386,3.061122807638645,2.241426753692451,3.4784998373728673
tt,15,8,2880.0,186,2873.3304492015027,2885.677454013129,5.677454013129235,2.080788234501908,3.320185772273606
tt,16,8,3072.0,139,3067.1273425020267,3082.0977728015487,4.872657497972965,1.9482916906598304,3.1892254935237982
tt,17,8,3264.0,101,3254.005851582987,3271.7800926719865,7.78009267198658,1.8273830778110431,3.0699931894032724
tt,18,8,3456.0,68,3442.294043598312,3463.253384730136,7.253384730135918,1.7379193173690792,2.9811365327201327
tt,19,6,2736.0,228,2727.837687468593,2738.47437678563,2.474376785629749,2.1982883657154355,3.197964772782049
tt,20,6,2880.0,187,2874.640848292923,2887.0011428725984,5.359151707077026,2.081299802515826,3.0846859561968816
tt,21,6,3024.0,151,3018.523377231552,3032.7039218390337,5.476622768448353,1.9698235053807445,2.973821472519592
tt,22,6,3168.0,120,3157.9342018555913,3174.236151531699,6.236151531698704,1.8933595008210156,2.899404909535582
tt,23,6,3312.0,93,3303.1547631928142,3321.6462442903653,8.84523680718565,1.8043337775141766,2.812240078361405
tt,24,6,3456.0,69,3441.854678021899,3462.7678753376126,6.767875337612629,1.7384894054158642,2.747336668257073
tt,25,6,3600.0,47,3595.4640103251963,3619.255069584234,4.535989674803734,1.6670107835286216,2.6785748918906562
tt,26,6,3744.0,28,3732.618874024591,3759.2441180220344,11.381125975408555,1.6215900104303236,2.6340382299936267
tt,27,6,3888.0,10,3883.7305025186797,3913.5545317200144,4.269497481319904,1.5780645968679088,2.592831349215557
tt,28,4,2688.0,244,2680.0306397799436,2690.080144509597,2.0801445095973015,2.2420543995944566,3.177548531810923
tt,29,4,2784.0,213,2781.2188112081935,2792.517933690834,2.7811887918066978,2.15302025384556,3.090148703201241
tt,30,4,2880.0,187,2876.227031224015,2888.6215373814725,3.772968775984764,2.0815364448044096,3.02123883467535
tt,31,4,2976.0,162,2969.4863868723187,2983.0952853236217,6.513613127681255,2.0158645720131645,2.9557775861975237
tt,32,4,3072.0,140,3064.1723480897112,3079.020792016834,7.0207920168342595,1.9485949515447512,2.890488136804678
tt,33,4,3168.0,120,3159.5865551921306,3175.8495407888277,7.8495407888278965,1.8935560727567438,2.8379068453119656
tt,34,4,3264.0,102,3252.908587190523,3270.654301418998,6.654301418997765,1.8279999013909587,2.7739094295696645
tt,35,4,3360.0,85,3348.2130636711177,3367.5135017751536,7.513501775153637,1.7822807988453329,2.7296018338801433
tt,36,4,3456.0,69,3443.3935230077263,3464.3047587757887,8.304758775788784,1.7388866334117294,2.68767285317615
tt,37,4,3552.0,55,3540.6151766871403,3563.3139554001355,11.313955400135518,1.688776780335807,2.640214917110282
tt,38,4,3648.0,42,3627.248191020242,3651.7420049761445,3.742004976144314,1.667329855342202,2.6196750713070465
tt,39,4,3744.0,28,3734.035630074927,3760.702476761079,9.96436992507267,1.6217753210782677,2.5756832770717093
tt,40,4,3840.0,17,3823.5211733347414,3852.0142071101727,12.014207110172748,1.5995737530611227,2.5552245710048207
tt,41,4,3936.0,6,3920.9741201314864,3951.7512132453758,15.025879868513584,1.5562385067315556,2.5134258024076996
ss,9,14,3024.0,151,3015.5849787460475,3030.5858407400897,6.5858407400898935,1.9439030211116737,3.1593666640445712
ss,10,12,2880.0,187,2872.329583543991,2885.3665001658073,5.366500165807247,2.0503889392744785,3.125949600673753
ss,11,12,3168.0,120,3155.6351984353055,3172.767448835902,4.767448835902214,1.8691613554542628,2.9469229397058196
ss,12,10,2880.0,187,2872.7732504799915,2885.834798353336,5.834798353335858,2.050681398201083,2.987464917993101
ss,13,10,3120.0,129,3110.4991604098373,3126.917072857339,6.917072857338906,1.9027336257709968,2.8403081760569937
ss,14,8,2688.0,243,2682.1552800545137,2692.8623886711976,4.862388671197891,2.2051309197854447,3.294009975859778
ss,15,8,2880.0,187,2872.2718289576223,2885.3151116131853,5.3151116131854055,2.050415246209284,3.141123796849548
ss,16,8,3072.0,139,3067.2306879062116,3083.0139196530927,4.769312093788624,1.9234220241871556,3.0159016502026255
ss,17,8,3264.0,100,3256.5919084087614,3275.3428531176364,7.408091591238499,1.8067453116543304,2.900871774932562
ss,18,8,3456.0,67,3450.5652537660444,3472.798426171603,5.4347462339558605,1.7213163557322948,2.817345498452943
ss,19,6,2736.0,228,2727.6065171874416,2738.8791184827624,2.879118482762337,2.1642770060660452,3.0433355155802446
ss,20,6,2880.0,187,2873.1503366791076,2886.224230517103,6.224230517103195,2.0509328551865798,2.93310796006148
ss,21,6,3024.0,151,3016.285417578208,3031.303424799651,7.303424799651146,1.9444047223131358,2.827184745775483
ss,22,6,3168.0,121,3153.3836837203094,3170.5092738253325,2.5092738253326416,1.8697710332170465,2.754648740013686
ss,23,6,3312.0,93,3299.54823503229,3319.0367257846165,7.03672578461647,1.784124654100945,2.670148151898347
ss,24,6,3456.0,68,3441.5853762232955,3463.668761430547,7.668761430546761,1.7214723355225092,2.6086826648571875
ss,25,6,3600.0,47,3588.8607125516864,3613.8226852444536,11.139287448313713,1.6519942109513042,2.54194459215575
ss,26,6,3744.0,28,3725.962312004154,3753.966023315684,9.96602331568432,1.6078199703986,2.49847131576602
ss,27,6,3888.0,10,3875.1041366398335,3906.6583806226445,12.89586336016655,1.5669714386904245,2.459197578580381
ss,28,4,2688.0,243,2683.786213181988,2694.5076527424953,4.21378681801176,2.206109306132319,3.026219658288226
ss,29,4,2784.0,214,2776.007656619073,2787.8478984194926,3.8478984194927217,2.1205047258190852,2.9415632417396624
ss,30,4,2880.0,187,2873.776377679669,2886.8178387604294,6.22362232033062,2.0512792742521175,2.8746260529736944
ss,31,4,2976.0,162,2967.440963977258,2981.7898174751726,5.789817475172519,1.9890926753998954,2.813268335299117
ss,32,4,3072.0,140,3061.644128896573,3077.366806747173,5.366806747173309,1.92387083342745,2.7490570474439604
ss,33,4,3168.0,121,3153.8827140483554,3171.0188828536307,3.0188828536305428,1.870097301375885,2.6973880666399466
ss,34,4,3264.0,102,3248.9268257242875,3267.6110914789188,3.6110914789185524,1.8074553394421804,2.6356489094301385
ss,35,4,3360.0,84,3347.0435363209426,3367.355932223202,7.355932223202228,1.7633701194148803,2.5927085634407434
ss,36,4,3456.0,68,3441.950003722721,3464.0376979237294,8.03769792372942,1.721673840176465,2.552146682255004
ss,37,4,3552.0,55,3533.488509497656,3557.3685612202876,5.368561220287323,1.6732962004504763,2.5055563555108247
ss,38,4,3648.0,41,3628.022559075936,3653.912420799643,5.912420799642563,1.6523046431840935,2.485894935209196
ss,39,4,3744.0,28,3726.1373252959393,3754.158891987334,10.158891987333774,1.6082126977035798,2.442559114362991
ss,40,4,3840.0,16,3820.223732258189,3850.4083522672026,10.408352267202854,1.5876567180802748,2.4227997316543144
ss,41,4,3936.0,6,3910.6470519112313,3943.0578195186754,7.057819518675327,1.546333199209933,2.3828701272687667
ff,9,14,3024.0,149,3014.4159765836494,3027.9088164268787,3.9088164268784524,1.9791616416210835,3.4551656026510287
ff,10,12,2880.0,185,2872.283174970562,2884.0634758341566,4.06347583415699,2.0934396112109175,3.3986893163454663
ff,11,12,3168.0,118,3163.3970125315946,3178.968953927883,4.602987468405247,1.8798561068029753,3.1874678368269125
ff,12,10,2880.0,187,2871.1703469089466,2882.796919573369,2.796919573369026,2.093849106693629,3.2299561793896303
ff,13,10,3120.0,128,3109.4253255879044,3124.0755681918604,4.075568191860675,1.934776208741355,3.0719197363022124
ff,14,8,2688.0,240,2681.2209542773585,2690.895756635029,2.895756635029316,2.255986562744912,3.57455600743025
ff,15,8,2880.0,185,2872.370240769981,2884.125805187346,4.125805187345982,2.0935301146785927,3.415250691182058
ff,16,8,3072.0,138,3064.340101547677,3078.399743420281,6.399743420280934,1.9578315725164692,3.2815357548285746
ff,17,8,3264.0,101,3249.4871376410606,3266.278250226034,2.2782502260336877,1.8349808851361007,3.160734248978619
ff,18,8,3456.0,67,3448.5592728132196,3468.5369648983074,7.440727186780452,1.744058994306705,3.0706155829640918
ff,19,6,2736.0,226,2732.7219168529587,2742.749310096289,3.278083147041321,2.211832006281388,3.2797165674792277
ff,20,6,2880.0,187,2873.7264163812843,2885.406647945548,5.406647945547581,2.094068305882129,3.164398781438883
ff,21,6,3024.0,151,3018.065219069991,3031.4639453472996,5.9347809300088885,1.979994533750202,3.050472841841842
ff,22,6,3168.0,120,3156.698295425073,3171.9369458656965,3.9369458656964302,1.903448832395775,2.97650879416254
ff,23,6,3312.0,92,3305.535127269688,3322.9314186991373,6.46487273031187,1.8124562090494227,2.8874402380256483
ff,24,6,3456.0,68,3444.3507567276383,3464.3241996507413,8.3241996507411,1.7443431610500748,2.8206424316384817
ff,25,6,3600.0,47,3597.883443694926,3620.376591499316,2.116556305073738,1.6729128585882835,2.7525093167047774
ff,26,6,3744.0,28,3733.95611997575,3759.2863140755744,10.043880024250031,1.6267112241285002,2.708004073230654
ff,27,6,3888.0,11,3881.901822328016,3910.0554878880625,6.098177671984196,1.582073228162793,2.665392945758959
ff,28,4,2688.0,242,2685.806436807358,2695.346534442419,2.193563192642212,2.256638614723599,3.256160759994215
ff,29,4,2784.0,213,2780.763508258626,2791.4804019178823,3.236491741374016,2.1657415018127306,3.167136565666455
ff,30,4,2880.0,187,2876.582120480377,2888.2565132754603,3.4178795196232796,2.094154819820976,3.0976441742929723
ff,31,4,2976.0,162,2969.131234770826,2981.977330252379,5.97733025237894,2.026352720791783,3.0314107649275384
ff,32,4,3072.0,140,3064.27140803297,3078.279059532279,6.279059532279015,1.958403717268245,2.9651304959969202
ff,33,4,3168.0,120,3159.7307286304263,3175.193538655697,7.193538655696869,1.9036200404907326,2.913414304613313
ff,34,4,3264.0,102,3254.367888838481,3271.140911230956,7.140911230956077,1.835688032370132,2.846365066071058
ff,35,4,3360.0,84,3352.4116975586303,3370.427767758033,7.5883024413695335,1.789509244500431,2.802373150029012
ff,36,4,3456.0,68,3447.992274912097,3467.589929757631,8.007725087903022,1.744629681346252,2.7592067295337137
ff,37,4,3552.0,55,3544.399029579185,3565.9796801841303,7.600970420814991,1.6947147180514854,2.711308552026826
ff,38,4,3648.0,42,3630.392774787578,3653.284037324339,5.284037324338913,1.6729991472275456,2.692360379741054
ff,39,4,3744.0,28,3737.7162922749553,3762.71995924478,6.283707725044727,1.6268539395969839,2.648632091990254
ff,40,4,3840.0,18,3818.2956105798835,3845.1123947534065,5.112394753406525,1.6036720924943564,2.626429912507894
ff,41,4,3936.0,6,3926.1861457793384,3955.1074663558006,9.813854220661641,1.5590361913121906,2.584168983175101
